{"cameraMode":{"drawMode":0,"name":"Shaded","section":"Shading Mode"},"sceneLighting":false,"audioPlay":false,"sceneViewState":{"showFog":true,"showMaterialUpdate":false,"showSkybox":false,"showFlares":true,"showImageEffects":true,"showParticleSystems":true},"in2DMode":false,"pivot":{"x":-2.252014636993408,"y":5.2297515869140629,"z":-8.213630676269532},"rotation":{"x":-0.15786471962928773,"y":0.7806469798088074,"z":-0.21857436001300813,"w":-0.5638212561607361},"size":1.5234285593032838,"orthographic":false}