{"cameraMode":{"drawMode":0,"name":"Shaded","section":"Shading Mode"},"sceneLighting":false,"audioPlay":false,"sceneViewState":{"showFog":true,"showMaterialUpdate":false,"showSkybox":false,"showFlares":true,"showImageEffects":true,"showParticleSystems":true},"in2DMode":false,"pivot":{"x":0.28718841075897219,"y":-0.46002858877182009,"z":-1.8413164615631104},"rotation":{"x":-0.23306463658809663,"y":0.6712620854377747,"z":-0.23601850867271424,"w":-0.6628600358963013},"size":19.257381439208986,"orthographic":false}