{"cameraMode":{"drawMode":0,"name":"Shaded","section":"Shading Mode"},"sceneLighting":true,"audioPlay":false,"sceneViewState":{"showFog":true,"showMaterialUpdate":false,"showSkybox":true,"showFlares":true,"showImageEffects":true,"showParticleSystems":true},"in2DMode":false,"pivot":{"x":19.306472778320314,"y":13.97988510131836,"z":15.174980163574219},"rotation":{"x":-0.39858144521713259,"y":-0.2595248222351074,"z":0.113337442278862,"w":-0.872315526008606},"size":217.28109741210938,"orthographic":false}