{"cameraMode":{"drawMode":0,"name":"Shaded","section":"Shading Mode"},"sceneLighting":true,"audioPlay":false,"sceneViewState":{"showFog":true,"showMaterialUpdate":false,"showSkybox":true,"showFlares":true,"showImageEffects":true,"showParticleSystems":true},"in2DMode":false,"pivot":{"x":30.829784393310548,"y":37.577476501464847,"z":41.03137969970703},"rotation":{"x":-0.23072487115859986,"y":0.7128617167472839,"z":-0.27248460054397585,"w":-0.603611171245575},"size":24.8038387298584,"orthographic":false}