{"cameraMode":{"drawMode":0,"name":"Shaded","section":"Shading Mode"},"sceneLighting":false,"audioPlay":false,"sceneViewState":{"showFog":true,"showMaterialUpdate":false,"showSkybox":false,"showFlares":true,"showImageEffects":true,"showParticleSystems":true},"in2DMode":false,"pivot":{"x":-29.643505096435548,"y":-0.9599987864494324,"z":-15.017694473266602},"rotation":{"x":-0.15786471962928773,"y":0.7806469798088074,"z":-0.21857436001300813,"w":-0.5638212561607361},"size":7.385680675506592,"orthographic":false}