{"cameraMode":{"drawMode":0,"name":"Shaded","section":"Shading Mode"},"sceneLighting":true,"audioPlay":false,"sceneViewState":{"showFog":true,"showMaterialUpdate":false,"showSkybox":true,"showFlares":true,"showImageEffects":true,"showParticleSystems":true},"in2DMode":false,"pivot":{"x":-0.029999971389770509,"y":-0.019999980926513673,"z":0.1899999976158142},"rotation":{"x":-0.15786471962928773,"y":0.7806469798088074,"z":-0.21857436001300813,"w":-0.5638212561607361},"size":4.628551483154297,"orthographic":false}