{"cameraMode":{"drawMode":0,"name":"Shaded","section":"Shading Mode"},"sceneLighting":true,"audioPlay":false,"sceneViewState":{"showFog":true,"showMaterialUpdate":false,"showSkybox":true,"showFlares":true,"showImageEffects":true,"showParticleSystems":true},"in2DMode":false,"pivot":{"x":5.744380950927734,"y":-8.002395629882813,"z":17.541088104248048},"rotation":{"x":-0.34750238060951235,"y":0.24787670373916627,"z":-0.10094208270311356,"w":-0.8986712098121643},"size":75.43929290771485,"orthographic":false}