{"cameraMode":{"drawMode":0,"name":"Shaded","section":"Shading Mode"},"sceneLighting":false,"audioPlay":false,"sceneViewState":{"showFog":true,"showMaterialUpdate":false,"showSkybox":false,"showFlares":true,"showImageEffects":true,"showParticleSystems":true},"in2DMode":false,"pivot":{"x":-29.643505096435548,"y":-0.9599987864494324,"z":-15.017694473266602},"rotation":{"x":0.037797920405864719,"y":0.011985091492533684,"z":-0.0004536299966275692,"w":0.999213457107544},"size":4.963287830352783,"orthographic":false}