{"cameraMode":{"drawMode":0,"name":"Shaded","section":"Shading Mode"},"sceneLighting":true,"audioPlay":false,"sceneViewState":{"showFog":true,"showMaterialUpdate":false,"showSkybox":true,"showFlares":true,"showImageEffects":true,"showParticleSystems":true},"in2DMode":false,"pivot":{"x":-29.643505096435548,"y":-0.9599987864494324,"z":-15.017694473266602},"rotation":{"x":-0.16978366672992707,"y":0.740841269493103,"z":-0.2038384974002838,"w":-0.6170718669891357},"size":81.7303237915039,"orthographic":false}