{"cameraMode":{"drawMode":0,"name":"Shaded","section":"Shading Mode"},"sceneLighting":false,"audioPlay":false,"sceneViewState":{"showFog":true,"showMaterialUpdate":false,"showSkybox":false,"showFlares":true,"showImageEffects":true,"showParticleSystems":true},"in2DMode":false,"pivot":{"x":0.03163160756230354,"y":-0.15500003099441529,"z":0.24924777448177339},"rotation":{"x":0.42263731360435488,"y":0.09972358494997025,"z":-0.04685200750827789,"w":0.8995764851570129},"size":0.9205796718597412,"orthographic":false}