{"cameraMode":{"drawMode":0,"name":"Shaded","section":"Shading Mode"},"sceneLighting":false,"audioPlay":false,"sceneViewState":{"showFog":true,"showMaterialUpdate":false,"showSkybox":false,"showFlares":true,"showImageEffects":true,"showParticleSystems":true},"in2DMode":false,"pivot":{"x":3.378011703491211,"y":-0.0996476411819458,"z":-0.6492449641227722},"rotation":{"x":-0.25013092160224917,"y":0.5026629567146301,"z":-0.15466620028018952,"w":-0.812922477722168},"size":12.601880073547364,"orthographic":false}