{"cameraMode":{"drawMode":0,"name":"Shaded","section":"Shading Mode"},"sceneLighting":true,"audioPlay":false,"sceneViewState":{"showFog":true,"showMaterialUpdate":false,"showSkybox":true,"showFlares":true,"showImageEffects":true,"showParticleSystems":true},"in2DMode":false,"pivot":{"x":-6.111053466796875,"y":2.293956756591797,"z":-2.631206512451172},"rotation":{"x":-0.3402743637561798,"y":0.2671358287334442,"z":-0.10146678984165192,"w":-0.8958551287651062},"size":63.272315979003909,"orthographic":false}