{"cameraMode":{"drawMode":0,"name":"Shaded","section":"Shading Mode"},"sceneLighting":true,"audioPlay":false,"sceneViewState":{"showFog":true,"showMaterialUpdate":false,"showSkybox":true,"showFlares":true,"showImageEffects":true,"showParticleSystems":true},"in2DMode":false,"pivot":{"x":9.026084899902344,"y":3.240762710571289,"z":-0.988021731376648},"rotation":{"x":-0.16978366672992707,"y":0.740841269493103,"z":-0.2038384974002838,"w":-0.6170718669891357},"size":7.286242485046387,"orthographic":false}