{"cameraMode":{"drawMode":0,"name":"Shaded","section":"Shading Mode"},"sceneLighting":false,"audioPlay":false,"sceneViewState":{"showFog":true,"showMaterialUpdate":false,"showSkybox":false,"showFlares":true,"showImageEffects":true,"showParticleSystems":true},"in2DMode":false,"pivot":{"x":3.9816484451293947,"y":1.4119086265563965,"z":20.66666030883789},"rotation":{"x":-0.019784096628427507,"y":-0.014090492390096188,"z":-0.0002789219724945724,"w":0.9997049570083618},"size":4.041658401489258,"orthographic":false}