{"cameraMode":{"drawMode":0,"name":"Shaded","section":"Shading Mode"},"sceneLighting":true,"audioPlay":false,"sceneViewState":{"showFog":true,"showMaterialUpdate":false,"showSkybox":true,"showFlares":true,"showImageEffects":true,"showParticleSystems":true},"in2DMode":false,"pivot":{"x":6.281980514526367,"y":-1.1232280731201172,"z":1.842123031616211},"rotation":{"x":-0.5462362766265869,"y":0.41342541575431826,"z":-0.354992151260376,"w":-0.6361494064331055},"size":9.516030311584473,"orthographic":false}